collection_id,loan_id,application_no,outcome,reason
54340,6,HEV-000223,not_updated,non_pending_in_dp_export
54341,6,HEV-000223,not_updated,part_payment_not_handled
58998,6,HEV-000223,not_updated,non_pending_in_dp_export
58999,6,HEV-000223,not_updated,part_payment_not_handled
54860,7,HEV-000222,not_updated,non_pending_in_dp_export
54861,7,HEV-000222,not_updated,part_payment_not_handled
53303,8,HEV-000221,not_updated,non_pending_in_dp_export
53304,8,HEV-000221,not_updated,part_payment_not_handled
12240,8,HEV-000221,would_update_or_updated,
52158,11,HEV-000216,not_updated,non_pending_in_dp_export
52159,11,HEV-000216,not_updated,part_payment_not_handled
12342,12,HEV-000229,not_updated,combine_paid_on_missing_or_invalid
35040,18,HEV-000231,not_updated,non_pending_in_dp_export
35041,18,HEV-000231,not_updated,no_COMBINE_for_loan
35042,18,HEV-000231,not_updated,no_COMBINE_for_loan
51785,22,HEV-000203,not_updated,non_pending_in_dp_export
51786,22,HEV-000203,not_updated,part_payment_not_handled
58194,22,HEV-000203,not_updated,non_pending_in_dp_export
58195,22,HEV-000203,not_updated,part_payment_not_handled
66196,22,HEV-000203,not_updated,non_pending_in_dp_export
66197,22,HEV-000203,not_updated,part_payment_not_handled
23294,24,HEV-UP-53,would_update_or_updated,
12498,26,HEV-000243,not_updated,combine_paid_on_missing_or_invalid
5439,36,HEV-RJ-65,not_updated,combine_paid_on_missing_or_invalid
5440,36,HEV-RJ-65,not_updated,combine_paid_on_missing_or_invalid
5441,36,HEV-RJ-65,not_updated,combine_paid_on_missing_or_invalid
50316,41,HEV-UP-85,not_updated,non_pending_in_dp_export
50317,41,HEV-UP-85,not_updated,part_payment_not_handled
57545,41,HEV-UP-85,not_updated,non_pending_in_dp_export
57546,41,HEV-UP-85,not_updated,part_payment_not_handled
23767,49,HEV-UP-91,would_update_or_updated,
57058,51,HEV-000278,not_updated,non_pending_in_dp_export
57059,51,HEV-000278,not_updated,part_payment_not_handled
35105,53,HEV-000233,not_updated,amount_mismatch_exact_required
23797,55,HEV-UP-93,would_update_or_updated,
14480,72,HEV-000383,not_updated,combine_paid_on_missing_or_invalid
54965,74,HEV-UP-98,not_updated,non_pending_in_dp_export
54966,74,HEV-UP-98,not_updated,part_payment_not_handled
58449,74,HEV-UP-98,not_updated,non_pending_in_dp_export
58450,74,HEV-UP-98,not_updated,part_payment_not_handled
57551,80,HEV-UP-97,not_updated,non_pending_in_dp_export
57552,80,HEV-UP-97,not_updated,part_payment_not_handled
23893,93,HEV-UP-101,would_update_or_updated,
23868,95,HEV-UP-99,would_update_or_updated,
23869,95,HEV-UP-99,would_update_or_updated,
23870,95,HEV-UP-99,not_updated,combine_paid_on_missing_or_invalid
61292,97,HEV-UP-102,not_updated,non_pending_in_dp_export
61293,97,HEV-UP-102,not_updated,part_payment_not_handled
53301,103,HEV-RJ-74,not_updated,non_pending_in_dp_export
53302,103,HEV-RJ-74,not_updated,part_payment_not_handled
58421,103,HEV-RJ-74,not_updated,non_pending_in_dp_export
58422,103,HEV-RJ-74,not_updated,part_payment_not_handled
57723,109,HEV-UP-108,not_updated,non_pending_in_dp_export
57724,109,HEV-UP-108,not_updated,part_payment_not_handled
57691,118,HEV-000290,not_updated,non_pending_in_dp_export
57692,118,HEV-000290,not_updated,part_payment_not_handled
58174,120,HEV-UP-110,not_updated,non_pending_in_dp_export
58175,120,HEV-UP-110,not_updated,part_payment_not_handled
26304,122,HEV-UP-305,not_updated,combine_paid_on_missing_or_invalid
12587,134,HEV-000250,not_updated,combine_paid_on_missing_or_invalid
24039,138,HEV-UP-114,would_update_or_updated,
58994,140,HEV-UP-117,not_updated,non_pending_in_dp_export
58995,140,HEV-UP-117,not_updated,part_payment_not_handled
67305,140,HEV-UP-117,not_updated,combine_paid_on_missing_or_invalid
67306,140,HEV-UP-117,not_updated,combine_paid_on_missing_or_invalid
13258,141,HEV-000301,not_updated,combine_paid_on_missing_or_invalid
5668,163,HEV-RJ-84,not_updated,amount_mismatch_exact_required
5669,163,HEV-RJ-84,not_updated,amount_mismatch_exact_required
5670,163,HEV-RJ-84,not_updated,amount_mismatch_exact_required
55164,165,HEV-RJ-89,not_updated,non_pending_in_dp_export
55165,165,HEV-RJ-89,not_updated,part_payment_not_handled
5793,174,HEV-RJ-96,not_updated,combine_paid_on_missing_or_invalid
24208,190,HEV-UP-127,not_updated,combine_paid_on_missing_or_invalid
24169,203,HEV-UP-125,not_updated,combine_close_type_blocked
24170,203,HEV-UP-125,not_updated,combine_close_type_blocked
24171,203,HEV-UP-125,not_updated,combine_close_type_blocked
24172,203,HEV-UP-125,not_updated,combine_close_type_blocked
25492,211,HEV-UP-231,would_update_or_updated,
56954,213,HEV-UP-233,not_updated,non_pending_in_dp_export
56955,213,HEV-UP-233,not_updated,part_payment_not_handled
63081,213,HEV-UP-233,not_updated,non_pending_in_dp_export
63082,213,HEV-UP-233,not_updated,part_payment_not_handled
56976,219,HEV-UP-165,not_updated,non_pending_in_dp_export
56977,219,HEV-UP-165,not_updated,part_payment_not_handled
24385,244,HEV-UP-142,not_updated,combine_paid_on_missing_or_invalid
24888,245,HEV-UP-184,not_updated,amount_mismatch_exact_required
5912,247,HEV-RJ-107,not_updated,combine_paid_on_missing_or_invalid
56934,252,HEV-UP-157,not_updated,non_pending_in_dp_export
56935,252,HEV-UP-157,not_updated,part_payment_not_handled
24277,255,HEV-UP-132,not_updated,combine_paid_on_missing_or_invalid
25270,278,HEV-UP-215,would_update_or_updated,
25271,278,HEV-UP-215,not_updated,combine_paid_on_missing_or_invalid
56520,280,HEV-UP-148,not_updated,part_payment_not_handled
56521,280,HEV-UP-148,not_updated,part_payment_not_handled
25164,281,HEV-UP-206,not_updated,combine_paid_on_missing_or_invalid
52170,288,HEV-RJ-134,not_updated,non_pending_in_dp_export
52171,288,HEV-RJ-134,not_updated,part_payment_not_handled
52174,292,HEV-RJ-151,not_updated,non_pending_in_dp_export
52175,292,HEV-RJ-151,not_updated,part_payment_not_handled
6511,292,HEV-RJ-151,would_update_or_updated,
52699,295,HEV-RJ-126,not_updated,non_pending_in_dp_export
52700,295,HEV-RJ-126,not_updated,part_payment_not_handled
25055,318,HEV-UP-196,not_updated,combine_close_type_blocked
25056,318,HEV-UP-196,not_updated,combine_close_type_blocked
25057,318,HEV-UP-196,not_updated,combine_close_type_blocked
58451,328,HEV-000368,not_updated,non_pending_in_dp_export
58452,328,HEV-000368,not_updated,part_payment_not_handled
13588,339,HEV-000321,not_updated,combine_paid_on_missing_or_invalid
14008,342,HEV-000351,not_updated,combine_close_type_blocked
14009,342,HEV-000351,not_updated,combine_close_type_blocked
14010,342,HEV-000351,not_updated,combine_close_type_blocked
56538,348,HEV-UP-232,not_updated,non_pending_in_dp_export
56539,348,HEV-UP-232,not_updated,part_payment_not_handled
56701,349,HEV-RJ-118,not_updated,non_pending_in_dp_export
56702,349,HEV-RJ-118,not_updated,part_payment_not_handled
25129,357,HEV-UP-203,not_updated,combine_paid_on_missing_or_invalid
57517,364,HEV-000340,not_updated,non_pending_in_dp_export
57518,364,HEV-000340,not_updated,part_payment_not_handled
52178,377,HEV-000335,not_updated,non_pending_in_dp_export
52179,377,HEV-000335,not_updated,part_payment_not_handled
59278,377,HEV-000335,not_updated,non_pending_in_dp_export
59279,377,HEV-000335,not_updated,part_payment_not_handled
53313,380,HEV-RJ-130,not_updated,non_pending_in_dp_export
53314,380,HEV-RJ-130,not_updated,part_payment_not_handled
54626,381,HEV-RJ-117,not_updated,non_pending_in_dp_export
54627,381,HEV-RJ-117,not_updated,part_payment_not_handled
6043,381,HEV-RJ-117,would_update_or_updated,
66498,390,HEV-000367,not_updated,non_pending_in_dp_export
66499,390,HEV-000367,not_updated,no_COMBINE_for_loan
25428,401,HEV-UP-227,would_update_or_updated,
14322,409,HEV-000373,not_updated,amount_mismatch_exact_required
58220,410,HEV-UP-144,not_updated,non_pending_in_dp_export
58221,410,HEV-UP-144,not_updated,part_payment_not_handled
24396,410,HEV-UP-144,not_updated,combine_paid_on_missing_or_invalid
25080,417,HEV-UP-198,not_updated,combine_close_type_blocked
25081,417,HEV-UP-198,not_updated,combine_close_type_blocked
58453,423,HEV-RJ-114,not_updated,non_pending_in_dp_export
58454,423,HEV-RJ-114,not_updated,part_payment_not_handled
6001,423,HEV-RJ-114,not_updated,amount_mismatch_exact_required
5900,424,HEV-RJ-106,not_updated,combine_paid_on_missing_or_invalid
59440,425,HEV-UP-205,not_updated,non_pending_in_dp_export
59441,425,HEV-UP-205,not_updated,part_payment_not_handled
67185,427,HEV-RJ-158,not_updated,non_pending_in_dp_export
67186,427,HEV-RJ-158,not_updated,part_payment_not_handled
57356,447,HEV-UP-257,not_updated,non_pending_in_dp_export
57357,447,HEV-UP-257,not_updated,part_payment_not_handled
25744,447,HEV-UP-257,would_update_or_updated,
24792,451,HEV-UP-177,would_update_or_updated,
56526,452,HEV-UP-218,not_updated,part_payment_not_handled
56527,452,HEV-UP-218,not_updated,part_payment_not_handled
25307,452,HEV-UP-218,not_updated,combine_paid_on_missing_or_invalid
13618,457,HEV-000323,not_updated,combine_paid_on_missing_or_invalid
57373,468,HEV-RJ-115,not_updated,non_pending_in_dp_export
57374,468,HEV-RJ-115,not_updated,part_payment_not_handled
56978,476,HEV-RJ-149,not_updated,non_pending_in_dp_export
56979,476,HEV-RJ-149,not_updated,part_payment_not_handled
14504,484,HEV-000385,not_updated,combine_paid_on_missing_or_invalid
13606,492,HEV-000322,not_updated,combine_paid_on_missing_or_invalid
14396,493,HEV-000378,not_updated,combine_paid_on_missing_or_invalid
52703,496,HEV-000357,not_updated,non_pending_in_dp_export
52704,496,HEV-000357,not_updated,part_payment_not_handled
60829,500,HEV-000324,not_updated,non_pending_in_dp_export
60830,500,HEV-000324,not_updated,part_payment_not_handled
51626,505,HEV-RJ-155,not_updated,non_pending_in_dp_export
51627,505,HEV-RJ-155,not_updated,part_payment_not_handled
6577,505,HEV-RJ-155,not_updated,amount_mismatch_exact_required
56703,511,HEV-000338,not_updated,non_pending_in_dp_export
56704,511,HEV-000338,not_updated,part_payment_not_handled
57236,517,HEV-UP-229,not_updated,non_pending_in_dp_export
57237,517,HEV-UP-229,not_updated,part_payment_not_handled
64797,517,HEV-UP-229,not_updated,non_pending_in_dp_export
64798,517,HEV-UP-229,not_updated,part_payment_not_handled
54663,519,HEV-RJ-135,not_updated,non_pending_in_dp_export
54664,519,HEV-RJ-135,not_updated,part_payment_not_handled
6322,519,HEV-RJ-135,not_updated,combine_paid_on_missing_or_invalid
51220,530,HEV-000371,not_updated,non_pending_in_dp_export
51221,530,HEV-000371,not_updated,part_payment_not_handled
14426,532,HEV-000380,not_updated,combine_paid_on_missing_or_invalid
14640,544,HEV-000394,not_updated,combine_close_type_blocked
14641,544,HEV-000394,not_updated,combine_close_type_blocked
25580,548,HEV-UP-239,would_update_or_updated,
25581,548,HEV-UP-239,would_update_or_updated,
35168,553,HEV-000341,not_updated,no_COMBINE_for_loan
35169,553,HEV-000341,not_updated,no_COMBINE_for_loan
51789,567,HEV-000402,not_updated,non_pending_in_dp_export
51790,567,HEV-000402,not_updated,part_payment_not_handled
57842,567,HEV-000402,not_updated,non_pending_in_dp_export
57843,567,HEV-000402,not_updated,part_payment_not_handled
63794,567,HEV-000402,not_updated,non_pending_in_dp_export
63795,567,HEV-000402,not_updated,part_payment_not_handled
57915,574,HEV-UP-248,not_updated,non_pending_in_dp_export
57916,574,HEV-UP-248,not_updated,part_payment_not_handled
52162,577,HEV-RJ-160,not_updated,non_pending_in_dp_export
52163,577,HEV-RJ-160,not_updated,part_payment_not_handled
6636,577,HEV-RJ-160,would_update_or_updated,
57573,586,HEV-000411,not_updated,non_pending_in_dp_export
57574,586,HEV-000411,not_updated,part_payment_not_handled
14933,586,HEV-000411,would_update_or_updated,
25730,595,HEV-UP-256,would_update_or_updated,
57354,614,HEV-RJ-171,not_updated,non_pending_in_dp_export
57355,614,HEV-RJ-171,not_updated,part_payment_not_handled
52164,632,HEV-RJ-167,not_updated,non_pending_in_dp_export
52165,632,HEV-RJ-167,not_updated,part_payment_not_handled
25897,637,HEV-UP-273,would_update_or_updated,
57509,649,HEV-UP-270,not_updated,part_payment_not_handled
57510,649,HEV-UP-270,not_updated,part_payment_not_handled
25862,649,HEV-UP-270,would_update_or_updated,
52753,657,HEV-000437,not_updated,non_pending_in_dp_export
52754,657,HEV-000437,not_updated,part_payment_not_handled
65208,657,HEV-000437,not_updated,non_pending_in_dp_export
65209,657,HEV-000437,not_updated,part_payment_not_handled
57583,659,HEV-UP-266,not_updated,part_payment_not_handled
57584,659,HEV-UP-266,not_updated,part_payment_not_handled
25830,665,HEV-UP-268,not_updated,amount_mismatch_exact_required
25849,666,HEV-UP-269,would_update_or_updated,
25939,675,HEV-UP-276,would_update_or_updated,
6866,678,HEV-RJ-177,not_updated,combine_paid_on_missing_or_invalid
6867,678,HEV-RJ-177,not_updated,combine_paid_on_missing_or_invalid
6868,678,HEV-RJ-177,not_updated,combine_paid_on_missing_or_invalid
65913,684,HEV-UP-279,not_updated,non_pending_in_dp_export
65914,684,HEV-UP-279,not_updated,part_payment_not_handled
26105,701,HEV-UP-289,would_update_or_updated,
56866,702,HEV-UP-326,not_updated,non_pending_in_dp_export
56867,702,HEV-UP-326,not_updated,part_payment_not_handled
57569,704,HEV-UP-331,not_updated,part_payment_not_handled
57570,704,HEV-UP-331,not_updated,part_payment_not_handled
15437,717,HEV-000451,not_updated,combine_paid_on_missing_or_invalid
57993,719,HEV-000447,not_updated,non_pending_in_dp_export
57994,719,HEV-000447,not_updated,part_payment_not_handled
15389,719,HEV-000447,not_updated,combine_paid_on_missing_or_invalid
55160,724,HEV-UP-292,not_updated,non_pending_in_dp_export
55161,724,HEV-UP-292,not_updated,part_payment_not_handled
59561,724,HEV-UP-292,not_updated,non_pending_in_dp_export
59562,724,HEV-UP-292,not_updated,part_payment_not_handled
67343,724,HEV-UP-292,not_updated,part_payment_not_handled
67344,724,HEV-UP-292,not_updated,part_payment_not_handled
60603,728,HEV-UP-286,not_updated,non_pending_in_dp_export
60604,728,HEV-UP-286,not_updated,part_payment_not_handled
55508,729,HEV-RJ-182,not_updated,non_pending_in_dp_export
55509,729,HEV-RJ-182,not_updated,part_payment_not_handled
55041,734,HEV-000453,not_updated,non_pending_in_dp_export
55042,734,HEV-000453,not_updated,part_payment_not_handled
59234,734,HEV-000453,not_updated,non_pending_in_dp_export
59235,734,HEV-000453,not_updated,part_payment_not_handled
15467,734,HEV-000453,not_updated,combine_paid_on_missing_or_invalid
60334,744,HEV-UP-291,not_updated,non_pending_in_dp_export
60335,744,HEV-UP-291,not_updated,part_payment_not_handled
54324,747,HEV-UP-293,not_updated,part_payment_not_handled
54325,747,HEV-UP-293,not_updated,part_payment_not_handled
59310,758,HEV-000456,not_updated,non_pending_in_dp_export
59311,758,HEV-000456,not_updated,part_payment_not_handled
15521,761,HEV-000457,not_updated,combine_paid_on_missing_or_invalid
15533,764,HEV-000458,not_updated,combine_paid_on_missing_or_invalid
7083,772,HEV-RJ-192,would_update_or_updated,
60116,774,HEV-UP-297,not_updated,non_pending_in_dp_export
60117,774,HEV-UP-297,not_updated,part_payment_not_handled
60847,776,HEV-UP-296,not_updated,non_pending_in_dp_export
60848,776,HEV-UP-296,not_updated,part_payment_not_handled
15587,779,HEV-000461,not_updated,combine_paid_on_missing_or_invalid
7096,783,HEV-RJ-194,not_updated,combine_paid_on_missing_or_invalid
26573,806,HEV-UP-328,would_update_or_updated,
7108,812,HEV-RJ-196,not_updated,combine_paid_on_missing_or_invalid
51876,818,HEV-RJ-198,not_updated,non_pending_in_dp_export
51877,818,HEV-RJ-198,not_updated,part_payment_not_handled
15743,835,HEV-000472,not_updated,combine_paid_on_missing_or_invalid
60550,838,HEV-000473,not_updated,non_pending_in_dp_export
60551,838,HEV-000473,not_updated,part_payment_not_handled
15761,838,HEV-000473,not_updated,combine_paid_on_missing_or_invalid
15863,843,HEV-000480,not_updated,combine_paid_on_missing_or_invalid
15797,844,HEV-000475,not_updated,combine_paid_on_missing_or_invalid
26433,845,HEV-UP-315,not_updated,combine_paid_on_missing_or_invalid
26445,846,HEV-UP-316,not_updated,combine_paid_on_missing_or_invalid
26475,856,HEV-UP-318,not_updated,combine_paid_on_missing_or_invalid
56137,860,HEV-RJ-202,not_updated,non_pending_in_dp_export
56138,860,HEV-RJ-202,not_updated,part_payment_not_handled
56675,863,HEV-000484,not_updated,non_pending_in_dp_export
56676,863,HEV-000484,not_updated,part_payment_not_handled
26510,864,HEV-UP-321,would_update_or_updated,
26544,884,HEV-UP-325,not_updated,combine_close_type_blocked
26545,884,HEV-UP-325,not_updated,combine_close_type_blocked
26546,884,HEV-UP-325,not_updated,combine_close_type_blocked
26645,891,HEV-UP-333,would_update_or_updated,
56705,901,HEV-000493,not_updated,non_pending_in_dp_export
56706,901,HEV-000493,not_updated,part_payment_not_handled
64008,901,HEV-000493,not_updated,non_pending_in_dp_export
64009,901,HEV-000493,not_updated,part_payment_not_handled
16106,915,HEV-000498,not_updated,combine_paid_on_missing_or_invalid
16107,915,HEV-000498,not_updated,combine_paid_on_missing_or_invalid
16108,915,HEV-000498,not_updated,combine_paid_on_missing_or_invalid
16109,915,HEV-000498,not_updated,combine_paid_on_missing_or_invalid
26787,931,HEV-UP-345,would_update_or_updated,
26788,931,HEV-UP-345,would_update_or_updated,
16175,941,HEV-000502,not_updated,amount_mismatch_exact_required
26821,955,HEV-UP-348,not_updated,combine_paid_on_missing_or_invalid
26822,955,HEV-UP-348,not_updated,combine_paid_on_missing_or_invalid
26823,955,HEV-UP-348,not_updated,combine_paid_on_missing_or_invalid
26824,955,HEV-UP-348,not_updated,combine_paid_on_missing_or_invalid
26825,955,HEV-UP-348,not_updated,combine_paid_on_missing_or_invalid
50293,958,HEV-UP-351,not_updated,non_pending_in_dp_export
50294,958,HEV-UP-351,not_updated,part_payment_not_handled
17518,961,HEV-000607,not_updated,combine_paid_on_missing_or_invalid
26805,964,HEV-UP-347,would_update_or_updated,
26807,964,HEV-UP-347,would_update_or_updated,
26975,982,HEV-UP-361,would_update_or_updated,
26849,991,HEV-UP-350,would_update_or_updated,
26909,992,HEV-UP-355,would_update_or_updated,
26878,993,HEV-UP-353,would_update_or_updated,
26879,993,HEV-UP-353,would_update_or_updated,
64846,1002,HEV-UP-362,not_updated,non_pending_in_dp_export
64847,1002,HEV-UP-362,not_updated,part_payment_not_handled
27124,1004,HEV-UP-372,would_update_or_updated,
26956,1006,HEV-UP-360,would_update_or_updated,
26957,1006,HEV-UP-360,would_update_or_updated,
61845,1007,HEV-000514,not_updated,non_pending_in_dp_export
61846,1007,HEV-000514,not_updated,part_payment_not_handled
27003,1011,HEV-UP-363,would_update_or_updated,
27004,1011,HEV-UP-363,would_update_or_updated,
64795,1011,HEV-UP-363,not_updated,part_payment_not_handled
64796,1011,HEV-UP-363,not_updated,part_payment_not_handled
57533,1012,HEV-RJ-231,not_updated,non_pending_in_dp_export
57534,1012,HEV-RJ-231,not_updated,part_payment_not_handled
27015,1013,HEV-UP-364,would_update_or_updated,
27016,1013,HEV-UP-364,would_update_or_updated,
16331,1014,HEV-000512,would_update_or_updated,
26943,1017,HEV-UP-359,would_update_or_updated,
27058,1024,HEV-UP-367,would_update_or_updated,
16420,1028,HEV-000518,not_updated,combine_close_type_blocked
16421,1028,HEV-000518,not_updated,combine_close_type_blocked
57539,1029,HEV-UP-382,not_updated,part_payment_not_handled
57540,1029,HEV-UP-382,not_updated,part_payment_not_handled
27264,1034,HEV-UP-383,not_updated,amount_mismatch_exact_required
27265,1034,HEV-UP-383,not_updated,amount_mismatch_exact_required
27266,1034,HEV-UP-383,not_updated,amount_mismatch_exact_required
27267,1034,HEV-UP-383,not_updated,amount_mismatch_exact_required
27268,1034,HEV-UP-383,not_updated,amount_mismatch_exact_required
27159,1042,HEV-UP-375,would_update_or_updated,
27172,1045,HEV-UP-376,would_update_or_updated,
27209,1048,HEV-UP-379,would_update_or_updated,
16526,1058,HEV-000528,not_updated,amount_mismatch_exact_required
56530,1065,HEV-UP-385,not_updated,non_pending_in_dp_export
56531,1065,HEV-UP-385,not_updated,part_payment_not_handled
27341,1079,HEV-UP-390,would_update_or_updated,
16580,1098,HEV-000533,would_update_or_updated,
61603,1101,HEV-UP-397,not_updated,part_payment_not_handled
61604,1101,HEV-UP-397,not_updated,part_payment_not_handled
66198,1112,HEV-000538,not_updated,non_pending_in_dp_export
66199,1112,HEV-000538,not_updated,part_payment_not_handled
34111,1120,HEV-FINTR-2,not_updated,combine_paid_on_missing_or_invalid
34112,1120,HEV-FINTR-2,not_updated,combine_paid_on_missing_or_invalid
34113,1120,HEV-FINTR-2,not_updated,combine_paid_on_missing_or_invalid
34114,1120,HEV-FINTR-2,not_updated,combine_paid_on_missing_or_invalid
50308,1137,HEV-UP-410,not_updated,part_payment_not_handled
50309,1137,HEV-UP-410,not_updated,part_payment_not_handled
16694,1139,HEV-000543,not_updated,combine_paid_on_missing_or_invalid
27730,1141,HEV-UP-422,not_updated,combine_paid_on_missing_or_invalid
27564,1156,HEV-UP-409,would_update_or_updated,
55037,1179,HEV-UP-415,not_updated,non_pending_in_dp_export
55038,1179,HEV-UP-415,not_updated,part_payment_not_handled
16824,1182,HEV-000553,not_updated,combine_paid_on_missing_or_invalid
17162,1208,HEV-000577,not_updated,combine_paid_on_missing_or_invalid
17163,1208,HEV-000577,not_updated,combine_paid_on_missing_or_invalid
52745,1209,HEV-RJ-247,not_updated,non_pending_in_dp_export
52746,1209,HEV-RJ-247,not_updated,part_payment_not_handled
7692,1209,HEV-RJ-247,not_updated,combine_paid_on_missing_or_invalid
7716,1212,HEV-RJ-249,not_updated,combine_paid_on_missing_or_invalid
16890,1216,HEV-000557,not_updated,combine_paid_on_missing_or_invalid
16905,1218,HEV-000558,not_updated,combine_close_type_blocked
16906,1218,HEV-000558,not_updated,combine_close_type_blocked
16907,1218,HEV-000558,not_updated,combine_close_type_blocked
16908,1218,HEV-000558,not_updated,combine_close_type_blocked
7743,1223,HEV-RJ-251,not_updated,combine_close_type_blocked
7744,1223,HEV-RJ-251,not_updated,combine_close_type_blocked
7745,1223,HEV-RJ-251,not_updated,combine_close_type_blocked
7746,1223,HEV-RJ-251,not_updated,combine_close_type_blocked
16974,1224,HEV-000564,not_updated,combine_paid_on_missing_or_invalid
60797,1226,HEV-000565,not_updated,non_pending_in_dp_export
60798,1226,HEV-000565,not_updated,part_payment_not_handled
17037,1235,HEV-000568,not_updated,combine_paid_on_missing_or_invalid
60121,1238,HEV-RJ-254,not_updated,non_pending_in_dp_export
60122,1238,HEV-RJ-254,not_updated,part_payment_not_handled
60123,1238,HEV-RJ-254,not_updated,non_pending_in_dp_export
60124,1238,HEV-RJ-254,not_updated,part_payment_not_handled
7776,1238,HEV-RJ-254,not_updated,combine_paid_on_missing_or_invalid
27981,1245,HEV-UP-440,not_updated,amount_mismatch_exact_required
27820,1252,HEV-UP-428,not_updated,combine_paid_on_missing_or_invalid
17145,1255,HEV-000575,not_updated,combine_paid_on_missing_or_invalid
17175,1257,HEV-000578,not_updated,combine_paid_on_missing_or_invalid
55639,1258,HEV-RJ-256,not_updated,non_pending_in_dp_export
55640,1258,HEV-RJ-256,not_updated,part_payment_not_handled
7806,1258,HEV-RJ-256,not_updated,combine_paid_on_missing_or_invalid
27903,1263,HEV-UP-434,would_update_or_updated,
17157,1264,HEV-000576,not_updated,combine_paid_on_missing_or_invalid
7794,1267,HEV-RJ-255,not_updated,combine_paid_on_missing_or_invalid
27939,1280,HEV-UP-437,would_update_or_updated,
27968,1288,HEV-UP-439,would_update_or_updated,
52168,1289,HEV-RJ-262,not_updated,non_pending_in_dp_export
52169,1289,HEV-RJ-262,not_updated,part_payment_not_handled
52180,1293,HEV-000586,not_updated,non_pending_in_dp_export
52181,1293,HEV-000586,not_updated,part_payment_not_handled
53309,1300,HEV-000629,not_updated,non_pending_in_dp_export
53310,1300,HEV-000629,not_updated,part_payment_not_handled
17365,1322,HEV-000595,not_updated,amount_mismatch_exact_required
28076,1324,HEV-UP-448,not_updated,amount_mismatch_exact_required
28091,1336,HEV-UP-449,would_update_or_updated,
65193,1342,HEV-UP-453,not_updated,part_payment_not_handled
65194,1342,HEV-UP-453,not_updated,part_payment_not_handled
57527,1347,HEV-000622,not_updated,non_pending_in_dp_export
57528,1347,HEV-000622,not_updated,part_payment_not_handled
56956,1350,HEV-RJ-273,not_updated,non_pending_in_dp_export
56957,1350,HEV-RJ-273,not_updated,part_payment_not_handled
52176,1354,HEV-RJ-270,not_updated,non_pending_in_dp_export
52177,1354,HEV-RJ-270,not_updated,part_payment_not_handled
28191,1367,HEV-UP-458,would_update_or_updated,
57561,1369,HEV-UP-465,not_updated,part_payment_not_handled
57562,1369,HEV-UP-465,not_updated,part_payment_not_handled
28287,1369,HEV-UP-465,would_update_or_updated,
62941,1372,HEV-000609,not_updated,part_payment_not_handled
62942,1372,HEV-000609,not_updated,part_payment_not_handled
56864,1374,HEV-UP-459,not_updated,non_pending_in_dp_export
56865,1374,HEV-UP-459,not_updated,part_payment_not_handled
28209,1374,HEV-UP-459,would_update_or_updated,
17536,1376,HEV-000608,would_update_or_updated,
28351,1378,HEV-UP-469,would_update_or_updated,
2506,1394,HEV-UPW-6,not_updated,amount_mismatch_exact_required
2507,1394,HEV-UPW-6,not_updated,amount_mismatch_exact_required
57521,1411,HEV-000627,not_updated,non_pending_in_dp_export
57522,1411,HEV-000627,not_updated,part_payment_not_handled
28395,1418,HEV-UP-472,would_update_or_updated,
56332,1420,HEV-UP-473,not_updated,non_pending_in_dp_export
56333,1420,HEV-UP-473,not_updated,part_payment_not_handled
60554,1420,HEV-UP-473,not_updated,non_pending_in_dp_export
60555,1420,HEV-UP-473,not_updated,part_payment_not_handled
28405,1420,HEV-UP-473,would_update_or_updated,
53833,1422,HEV-000681,not_updated,non_pending_in_dp_export
53834,1422,HEV-000681,not_updated,part_payment_not_handled
57525,1425,HEV-000632,not_updated,non_pending_in_dp_export
57526,1425,HEV-000632,not_updated,part_payment_not_handled
52749,1445,HEV-000638,not_updated,non_pending_in_dp_export
52750,1445,HEV-000638,not_updated,part_payment_not_handled
57331,1445,HEV-000638,not_updated,non_pending_in_dp_export
57332,1445,HEV-000638,not_updated,part_payment_not_handled
56532,1462,HEV-UP-484,not_updated,part_payment_not_handled
56533,1462,HEV-UP-484,not_updated,part_payment_not_handled
60114,1464,HEV-000643,not_updated,part_payment_not_handled
60115,1464,HEV-000643,not_updated,part_payment_not_handled
28596,1467,HEV-UP-487,not_updated,amount_mismatch_exact_required
28597,1467,HEV-UP-487,not_updated,amount_mismatch_exact_required
28598,1467,HEV-UP-487,would_update_or_updated,
28599,1467,HEV-UP-487,would_update_or_updated,
64554,1467,HEV-UP-487,not_updated,non_pending_in_dp_export
64555,1467,HEV-UP-487,not_updated,part_payment_not_handled
56107,1475,HEV-000646,not_updated,combine_paid_on_missing_or_invalid
56108,1475,HEV-000646,not_updated,combine_paid_on_missing_or_invalid
28622,1476,HEV-UP-490,would_update_or_updated,
18070,1484,HEV-000647,not_updated,combine_close_type_blocked
18071,1484,HEV-000647,not_updated,combine_close_type_blocked
18128,1489,HEV-000653,not_updated,combine_paid_on_missing_or_invalid
28635,1491,HEV-UP-491,would_update_or_updated,
28636,1491,HEV-UP-491,would_update_or_updated,
8086,1492,HEV-RJ-278,would_update_or_updated,
28689,1496,HEV-UP-495,would_update_or_updated,
57381,1499,HEV-UP-494,not_updated,part_payment_not_handled
57382,1499,HEV-UP-494,not_updated,part_payment_not_handled
28678,1499,HEV-UP-494,not_updated,amount_mismatch_exact_required
29325,1508,HEV-UP-547,not_updated,combine_paid_on_missing_or_invalid
29153,1512,HEV-UP-531,would_update_or_updated,
60769,1518,HEV-UP-498,not_updated,non_pending_in_dp_export
60770,1518,HEV-UP-498,not_updated,part_payment_not_handled
28744,1539,HEV-UP-500,would_update_or_updated,
28745,1539,HEV-UP-500,would_update_or_updated,
60965,1561,HEV-UP-519,not_updated,non_pending_in_dp_export
60966,1561,HEV-UP-519,not_updated,part_payment_not_handled
28987,1561,HEV-UP-519,would_update_or_updated,
28905,1583,HEV-UP-513,would_update_or_updated,
28856,1584,HEV-UP-509,would_update_or_updated,
54845,1585,HEV-RJ-294,not_updated,non_pending_in_dp_export
54846,1585,HEV-RJ-294,not_updated,part_payment_not_handled
28880,1597,HEV-UP-511,not_updated,amount_mismatch_exact_required
29000,1602,HEV-UP-520,not_updated,combine_close_type_blocked
29001,1602,HEV-UP-520,not_updated,combine_close_type_blocked
29002,1602,HEV-UP-520,not_updated,combine_close_type_blocked
28921,1604,HEV-UP-514,not_updated,combine_paid_on_missing_or_invalid
28974,1614,HEV-UP-518,would_update_or_updated,
18599,1641,HEV-000690,not_updated,combine_paid_on_missing_or_invalid
59541,1643,HEV-UPW-13,not_updated,non_pending_in_dp_export
59542,1643,HEV-UPW-13,not_updated,part_payment_not_handled
2604,1643,HEV-UPW-13,not_updated,combine_paid_on_missing_or_invalid
29134,1648,HEV-UP-530,would_update_or_updated,
29135,1648,HEV-UP-530,not_updated,combine_paid_on_missing_or_invalid
55039,1657,HEV-UP-532,not_updated,non_pending_in_dp_export
55040,1657,HEV-UP-532,not_updated,part_payment_not_handled
18685,1659,HEV-000695,not_updated,combine_close_type_blocked
18686,1659,HEV-000695,not_updated,combine_close_type_blocked
8353,1663,HEV-RJ-299,not_updated,combine_paid_on_missing_or_invalid
18726,1668,HEV-000700,not_updated,combine_paid_on_missing_or_invalid
29247,1672,HEV-UP-539,would_update_or_updated,
29249,1672,HEV-UP-539,not_updated,combine_paid_on_missing_or_invalid
29195,1673,HEV-UP-534,not_updated,combine_paid_on_missing_or_invalid
57919,1677,HEV-UPW-17,not_updated,non_pending_in_dp_export
57920,1677,HEV-UPW-17,not_updated,part_payment_not_handled
2664,1677,HEV-UPW-17,not_updated,combine_paid_on_missing_or_invalid
18900,1681,HEV-000712,not_updated,combine_paid_on_missing_or_invalid
29231,1683,HEV-UP-538,not_updated,combine_paid_on_missing_or_invalid
29270,1688,HEV-UP-541,not_updated,combine_paid_on_missing_or_invalid
8379,1694,HEV-RJ-302,not_updated,amount_mismatch_exact_required
8380,1694,HEV-RJ-302,not_updated,combine_paid_on_missing_or_invalid
29490,1701,HEV-UP-561,not_updated,combine_paid_on_missing_or_invalid
18840,1702,HEV-000707,not_updated,combine_paid_on_missing_or_invalid
29376,1706,HEV-UP-551,not_updated,combine_paid_on_missing_or_invalid
60972,1710,HEV-UP-549,not_updated,non_pending_in_dp_export
60973,1710,HEV-UP-549,not_updated,part_payment_not_handled
60970,1710,HEV-UP-549,not_updated,non_pending_in_dp_export
60971,1710,HEV-UP-549,not_updated,part_payment_not_handled
29352,1710,HEV-UP-549,not_updated,combine_paid_on_missing_or_invalid
60975,1715,HEV-UPW-19,not_updated,non_pending_in_dp_export
60976,1715,HEV-UPW-19,not_updated,part_payment_not_handled
2688,1715,HEV-UPW-19,not_updated,combine_paid_on_missing_or_invalid
29430,1723,HEV-UP-556,not_updated,combine_paid_on_missing_or_invalid
18876,1724,HEV-000710,not_updated,combine_paid_on_missing_or_invalid
18924,1728,HEV-000714,not_updated,combine_paid_on_missing_or_invalid
2700,1729,HEV-UPW-20,not_updated,combine_paid_on_missing_or_invalid
18912,1730,HEV-000713,not_updated,combine_paid_on_missing_or_invalid
29457,1732,HEV-UP-559,not_updated,amount_mismatch_exact_required
29460,1732,HEV-UP-559,not_updated,combine_paid_on_missing_or_invalid
29442,1739,HEV-UP-558,not_updated,combine_paid_on_missing_or_invalid
29472,1743,HEV-UP-560,not_updated,combine_paid_on_missing_or_invalid
61625,1756,HEV-UP-567,not_updated,part_payment_not_handled
61626,1756,HEV-UP-567,not_updated,part_payment_not_handled
29557,1768,HEV-UP-568,would_update_or_updated,
56330,1778,HEV-UP-572,not_updated,non_pending_in_dp_export
56331,1778,HEV-UP-572,not_updated,part_payment_not_handled
56105,1793,HEV-UP-585,not_updated,non_pending_in_dp_export
56106,1793,HEV-UP-585,not_updated,part_payment_not_handled
57567,1795,HEV-UP-576,not_updated,non_pending_in_dp_export
57568,1795,HEV-UP-576,not_updated,part_payment_not_handled
29765,1809,HEV-UP-584,would_update_or_updated,
29834,1810,HEV-UP-589,not_updated,amount_mismatch_exact_required
29799,1813,HEV-UP-586,not_updated,amount_mismatch_exact_required
29800,1813,HEV-UP-586,would_update_or_updated,
29874,1824,HEV-UP-595,would_update_or_updated,
29875,1824,HEV-UP-595,would_update_or_updated,
66315,1824,HEV-UP-595,not_updated,non_pending_in_dp_export
66316,1824,HEV-UP-595,not_updated,combine_paid_on_missing_or_invalid
56698,1828,HEV-000734,not_updated,non_pending_in_dp_export
56699,1828,HEV-000734,not_updated,part_payment_not_handled
63108,1828,HEV-000734,not_updated,non_pending_in_dp_export
63109,1828,HEV-000734,not_updated,part_payment_not_handled
57251,1831,HEV-RJ-319,not_updated,non_pending_in_dp_export
57252,1831,HEV-RJ-319,not_updated,part_payment_not_handled
29940,1841,HEV-UP-600,would_update_or_updated,
29941,1841,HEV-UP-600,would_update_or_updated,
30318,1856,HEV-UP-630,would_update_or_updated,
57513,1857,HEV-000750,not_updated,non_pending_in_dp_export
57514,1857,HEV-000750,not_updated,part_payment_not_handled
30006,1861,HEV-UP-605,would_update_or_updated,
57585,1863,HEV-000741,not_updated,non_pending_in_dp_export
57586,1863,HEV-000741,not_updated,part_payment_not_handled
19252,1863,HEV-000741,not_updated,amount_mismatch_exact_required
30501,1867,HEV-UP-644,would_update_or_updated,
57844,1869,HEV-000770,not_updated,non_pending_in_dp_export
57845,1869,HEV-000770,not_updated,part_payment_not_handled
62974,1871,HEV-UP-603,not_updated,non_pending_in_dp_export
62975,1871,HEV-UP-603,not_updated,part_payment_not_handled
57559,1881,HEV-UP-606,not_updated,part_payment_not_handled
57560,1881,HEV-UP-606,not_updated,part_payment_not_handled
30025,1881,HEV-UP-606,not_updated,combine_paid_on_missing_or_invalid
30127,1885,HEV-UP-615,would_update_or_updated,
8638,1889,HEV-RJ-322,not_updated,combine_close_type_blocked
61294,1900,HEV-UP-725,not_updated,non_pending_in_dp_export
61295,1900,HEV-UP-725,not_updated,part_payment_not_handled
62947,1911,HEV-UP-618,not_updated,non_pending_in_dp_export
62948,1911,HEV-UP-618,not_updated,part_payment_not_handled
30163,1911,HEV-UP-618,would_update_or_updated,
51017,1918,HEV-UP-619,not_updated,non_pending_in_dp_export
51018,1918,HEV-UP-619,not_updated,part_payment_not_handled
30287,1922,HEV-UP-628,would_update_or_updated,
30200,1924,HEV-UP-622,would_update_or_updated,
30201,1924,HEV-UP-622,would_update_or_updated,
30202,1924,HEV-UP-622,would_update_or_updated,
30246,1933,HEV-UP-625,would_update_or_updated,
57987,1934,HEV-000758,not_updated,non_pending_in_dp_export
57988,1934,HEV-000758,not_updated,part_payment_not_handled
30230,1937,HEV-UP-624,not_updated,amount_mismatch_exact_required
30232,1937,HEV-UP-624,would_update_or_updated,
30483,1938,HEV-UP-643,would_update_or_updated,
30275,1942,HEV-UP-627,would_update_or_updated,
57531,1942,HEV-UP-627,not_updated,non_pending_in_dp_export
57532,1942,HEV-UP-627,not_updated,part_payment_not_handled
52367,1970,HEV-000764,not_updated,non_pending_in_dp_export
52368,1970,HEV-000764,not_updated,part_payment_not_handled
30360,1971,HEV-UP-634,would_update_or_updated,
53305,1973,HEV-FINTR-4,not_updated,non_pending_in_dp_export
53306,1973,HEV-FINTR-4,not_updated,part_payment_not_handled
30443,2003,HEV-UP-640,not_updated,combine_close_type_blocked
30444,2003,HEV-UP-640,not_updated,combine_close_type_blocked
30445,2003,HEV-UP-640,not_updated,combine_close_type_blocked
53286,2010,HEV-UP-658,not_updated,non_pending_in_dp_export
53287,2010,HEV-UP-658,not_updated,part_payment_not_handled
66048,2010,HEV-UP-658,not_updated,part_payment_not_handled
66049,2010,HEV-UP-658,not_updated,part_payment_not_handled
19666,2014,HEV-000775,not_updated,combine_paid_on_missing_or_invalid
30554,2035,HEV-UP-649,would_update_or_updated,
30556,2035,HEV-UP-649,would_update_or_updated,
30584,2040,HEV-UP-652,not_updated,combine_close_type_blocked
30585,2040,HEV-UP-652,not_updated,combine_close_type_blocked
30586,2040,HEV-UP-652,not_updated,combine_close_type_blocked
30675,2044,HEV-UP-659,would_update_or_updated,
30676,2044,HEV-UP-659,would_update_or_updated,
30573,2045,HEV-UP-651,would_update_or_updated,
58413,2046,HEV-UP-666,not_updated,non_pending_in_dp_export
58414,2046,HEV-UP-666,not_updated,part_payment_not_handled
3980,2055,HEV-UPW-108,would_update_or_updated,
58172,2092,HEV-000786,not_updated,non_pending_in_dp_export
58173,2092,HEV-000786,not_updated,part_payment_not_handled
59435,2101,HEV-000790,not_updated,non_pending_in_dp_export
59436,2101,HEV-000790,not_updated,part_payment_not_handled
30873,2105,HEV-UP-675,would_update_or_updated,
66317,2105,HEV-UP-675,not_updated,non_pending_in_dp_export
66318,2105,HEV-UP-675,not_updated,part_payment_not_handled
30850,2108,HEV-UP-673,would_update_or_updated,
30862,2110,HEV-UP-674,would_update_or_updated,
65873,2126,HEV-FINTR-9,not_updated,non_pending_in_dp_export
65874,2126,HEV-FINTR-9,not_updated,part_payment_not_handled
67194,2131,HEV-UP-681,not_updated,part_payment_not_handled
67195,2131,HEV-UP-681,not_updated,part_payment_not_handled
30949,2137,HEV-UP-682,would_update_or_updated,
19921,2147,HEV-000795,would_update_or_updated,
54307,2153,HEV-000796,not_updated,non_pending_in_dp_export
54308,2153,HEV-000796,not_updated,part_payment_not_handled
62479,2162,HEV-UP-686,not_updated,non_pending_in_dp_export
62480,2162,HEV-UP-686,not_updated,part_payment_not_handled
31000,2162,HEV-UP-686,not_updated,combine_paid_on_missing_or_invalid
3035,2175,HEV-UPW-43,would_update_or_updated,
21023,2176,HEV-000882,would_update_or_updated,
66568,2176,HEV-000882,not_updated,non_pending_in_dp_export
66569,2176,HEV-000882,not_updated,part_payment_not_handled
21042,2177,HEV-000883,not_updated,amount_mismatch_exact_required
58980,2179,HEV-UP-685,not_updated,part_payment_not_handled
58981,2179,HEV-UP-685,not_updated,part_payment_not_handled
30988,2179,HEV-UP-685,not_updated,amount_mismatch_exact_required
20048,2186,HEV-000805,would_update_or_updated,
67192,2187,HEV-UP-689,not_updated,non_pending_in_dp_export
67193,2187,HEV-UP-689,not_updated,part_payment_not_handled
31028,2188,HEV-UP-688,not_updated,amount_mismatch_exact_required
59238,2188,HEV-UP-688,not_updated,non_pending_in_dp_export
59239,2188,HEV-UP-688,not_updated,part_payment_not_handled
31052,2196,HEV-UP-690,would_update_or_updated,
50480,2199,HEV-UP-969,would_update_or_updated,
54858,2200,HEV-FINTR-11,not_updated,non_pending_in_dp_export
54859,2200,HEV-FINTR-11,not_updated,part_payment_not_handled
59762,2200,HEV-FINTR-11,not_updated,non_pending_in_dp_export
59763,2200,HEV-FINTR-11,not_updated,part_payment_not_handled
59758,2202,HEV-000887,not_updated,non_pending_in_dp_export
59759,2202,HEV-000887,not_updated,part_payment_not_handled
21088,2204,HEV-000886,not_updated,combine_paid_on_missing_or_invalid
55158,2205,HEV-UP-695,not_updated,non_pending_in_dp_export
55159,2205,HEV-UP-695,not_updated,part_payment_not_handled
20018,2206,HEV-000803,would_update_or_updated,
31424,2212,HEV-UP-726,not_updated,combine_paid_on_missing_or_invalid
20036,2213,HEV-000804,would_update_or_updated,
31202,2225,HEV-UP-704,not_updated,combine_paid_on_missing_or_invalid
20066,2230,HEV-000806,would_update_or_updated,
31235,2231,HEV-UP-708,not_updated,combine_close_type_blocked
31236,2231,HEV-UP-708,not_updated,combine_close_type_blocked
31237,2231,HEV-UP-708,not_updated,combine_close_type_blocked
31238,2231,HEV-UP-708,not_updated,combine_close_type_blocked
60833,2241,HEV-RJ-356,not_updated,non_pending_in_dp_export
60834,2241,HEV-RJ-356,not_updated,part_payment_not_handled
20084,2258,HEV-000808,would_update_or_updated,
31322,2261,HEV-UP-717,not_updated,combine_paid_on_missing_or_invalid
50314,2266,HEV-UPW-46,not_updated,non_pending_in_dp_export
50315,2266,HEV-UPW-46,not_updated,part_payment_not_handled
60593,2266,HEV-UPW-46,not_updated,non_pending_in_dp_export
60594,2266,HEV-UPW-46,not_updated,part_payment_not_handled
3071,2266,HEV-UPW-46,not_updated,combine_paid_on_missing_or_invalid
31400,2272,HEV-UP-724,not_updated,combine_paid_on_missing_or_invalid
55438,2279,HEV-UP-719,not_updated,non_pending_in_dp_export
55439,2279,HEV-UP-719,not_updated,part_payment_not_handled
31346,2279,HEV-UP-719,not_updated,combine_paid_on_missing_or_invalid
31359,2283,HEV-UP-720,not_updated,amount_mismatch_exact_required
31373,2287,HEV-UP-722,not_updated,combine_paid_on_missing_or_invalid
9207,2298,HEV-000001,not_updated,combine_paid_on_missing_or_invalid
59307,2312,HEV-000021,not_updated,non_pending_in_dp_export
59308,2312,HEV-000021,not_updated,part_payment_not_handled
9476,2313,HEV-000022,would_update_or_updated,
55314,2314,HEV-000023,not_updated,non_pending_in_dp_export
55315,2314,HEV-000023,not_updated,part_payment_not_handled
9494,2314,HEV-000023,not_updated,combine_paid_on_missing_or_invalid
50300,2335,HEV-000054,not_updated,non_pending_in_dp_export
50301,2335,HEV-000054,not_updated,part_payment_not_handled
61885,2335,HEV-000054,not_updated,non_pending_in_dp_export
61886,2335,HEV-000054,not_updated,part_payment_not_handled
9829,2335,HEV-000054,not_updated,combine_paid_on_missing_or_invalid
66895,2337,HEV-000058,not_updated,part_payment_not_handled
66896,2337,HEV-000058,not_updated,part_payment_not_handled
9864,2337,HEV-000058,not_updated,combine_paid_on_missing_or_invalid
9931,2343,HEV-000066,not_updated,combine_paid_on_missing_or_invalid
52701,2349,HEV-000072,not_updated,non_pending_in_dp_export
52702,2349,HEV-000072,not_updated,part_payment_not_handled
64006,2349,HEV-000072,not_updated,non_pending_in_dp_export
64007,2349,HEV-000072,not_updated,part_payment_not_handled
10088,2352,HEV-000077,not_updated,amount_mismatch_exact_required
10089,2352,HEV-000077,not_updated,amount_mismatch_exact_required
55669,2358,HEV-000085,not_updated,non_pending_in_dp_export
55670,2358,HEV-000085,not_updated,part_payment_not_handled
61601,2358,HEV-000085,not_updated,non_pending_in_dp_export
61602,2358,HEV-000085,not_updated,part_payment_not_handled
10219,2358,HEV-000085,not_updated,combine_paid_on_missing_or_invalid
10257,2360,HEV-000087,not_updated,combine_paid_on_missing_or_invalid
10404,2368,HEV-000096,not_updated,combine_close_type_blocked
10405,2368,HEV-000096,not_updated,combine_close_type_blocked
10406,2368,HEV-000096,not_updated,combine_close_type_blocked
10407,2368,HEV-000096,not_updated,combine_close_type_blocked
10641,2382,HEV-000115,not_updated,combine_paid_on_missing_or_invalid
10683,2384,HEV-000118,not_updated,combine_paid_on_missing_or_invalid
10821,2390,HEV-000129,not_updated,combine_paid_on_missing_or_invalid
10822,2390,HEV-000129,not_updated,combine_paid_on_missing_or_invalid
52747,2403,HEV-000142,not_updated,non_pending_in_dp_export
52748,2403,HEV-000142,not_updated,part_payment_not_handled
57581,2403,HEV-000142,not_updated,non_pending_in_dp_export
57582,2403,HEV-000142,not_updated,part_payment_not_handled
53311,2404,HEV-000144,not_updated,non_pending_in_dp_export
53312,2404,HEV-000144,not_updated,part_payment_not_handled
11187,2411,HEV-000153,not_updated,combine_paid_on_missing_or_invalid
11188,2411,HEV-000153,not_updated,combine_paid_on_missing_or_invalid
60795,2444,HEV-000191,not_updated,non_pending_in_dp_export
60796,2444,HEV-000191,not_updated,part_payment_not_handled
11800,2444,HEV-000191,not_updated,combine_paid_on_missing_or_invalid
57519,2454,HEV-000202,not_updated,non_pending_in_dp_export
57520,2454,HEV-000202,not_updated,part_payment_not_handled
57515,2455,HEV-000204,not_updated,non_pending_in_dp_export
57516,2455,HEV-000204,not_updated,part_payment_not_handled
12171,2465,HEV-000215,would_update_or_updated,
57950,2471,HEV-000240,not_updated,non_pending_in_dp_export
57951,2471,HEV-000240,not_updated,part_payment_not_handled
12465,2471,HEV-000240,not_updated,combine_paid_on_missing_or_invalid
12663,2482,HEV-000256,would_update_or_updated,
12665,2482,HEV-000256,not_updated,combine_paid_on_missing_or_invalid
52172,2486,HEV-000261,not_updated,non_pending_in_dp_export
52173,2486,HEV-000261,not_updated,part_payment_not_handled
57333,2486,HEV-000261,not_updated,non_pending_in_dp_export
57334,2486,HEV-000261,not_updated,part_payment_not_handled
57511,2489,HEV-000264,not_updated,non_pending_in_dp_export
57512,2489,HEV-000264,not_updated,part_payment_not_handled
60548,2498,HEV-000307,not_updated,non_pending_in_dp_export
60549,2498,HEV-000307,not_updated,part_payment_not_handled
13348,2498,HEV-000307,not_updated,combine_paid_on_missing_or_invalid
35139,2500,HEV-000326,not_updated,no_COMBINE_for_loan
57990,2508,HEV-000403,not_updated,non_pending_in_dp_export
57991,2508,HEV-000403,not_updated,part_payment_not_handled
15815,2511,HEV-000476,not_updated,combine_paid_on_missing_or_invalid
18192,2514,HEV-000660,not_updated,combine_close_type_blocked
18193,2514,HEV-000660,not_updated,combine_close_type_blocked
18194,2514,HEV-000660,not_updated,combine_close_type_blocked
4514,2516,HEV-RJ-1,not_updated,combine_paid_on_missing_or_invalid
4634,2521,HEV-RJ-8,not_updated,combine_close_type_blocked
4635,2521,HEV-RJ-8,not_updated,combine_close_type_blocked
4636,2521,HEV-RJ-8,not_updated,combine_close_type_blocked
4671,2523,HEV-RJ-10,not_updated,combine_close_type_blocked
4672,2523,HEV-RJ-10,not_updated,combine_close_type_blocked
58170,2527,HEV-RJ-14,not_updated,non_pending_in_dp_export
58171,2527,HEV-RJ-14,not_updated,part_payment_not_handled
57523,2529,HEV-RJ-16,not_updated,part_payment_not_handled
57524,2529,HEV-RJ-16,not_updated,part_payment_not_handled
51878,2544,HEV-RJ-31,not_updated,non_pending_in_dp_export
51879,2544,HEV-RJ-31,not_updated,part_payment_not_handled
5143,2552,HEV-RJ-44,not_updated,combine_close_type_blocked
5144,2552,HEV-RJ-44,not_updated,combine_close_type_blocked
5145,2552,HEV-RJ-44,not_updated,combine_close_type_blocked
5187,2556,HEV-RJ-48,not_updated,combine_paid_on_missing_or_invalid
5205,2557,HEV-RJ-49,not_updated,combine_paid_on_missing_or_invalid
5313,2560,HEV-RJ-55,not_updated,combine_paid_on_missing_or_invalid
5331,2561,HEV-RJ-56,not_updated,combine_paid_on_missing_or_invalid
5383,2565,HEV-RJ-60,would_update_or_updated,
5384,2565,HEV-RJ-60,would_update_or_updated,
54598,2570,HEV-RJ-73,not_updated,non_pending_in_dp_export
54599,2570,HEV-RJ-73,not_updated,part_payment_not_handled
5535,2570,HEV-RJ-73,would_update_or_updated,
5688,2577,HEV-RJ-85,not_updated,combine_paid_on_missing_or_invalid
5775,2581,HEV-RJ-95,not_updated,combine_paid_on_missing_or_invalid
5811,2582,HEV-RJ-97,not_updated,combine_paid_on_missing_or_invalid
60094,2595,HEV-RJ-186,not_updated,non_pending_in_dp_export
60095,2595,HEV-RJ-186,not_updated,part_payment_not_handled
57575,2605,HEV-UP-8,not_updated,non_pending_in_dp_export
57576,2605,HEV-UP-8,not_updated,part_payment_not_handled
57329,2606,HEV-UP-9,not_updated,non_pending_in_dp_export
57330,2606,HEV-UP-9,not_updated,part_payment_not_handled
65545,2607,HEV-UP-10,not_updated,part_payment_not_handled
65546,2607,HEV-UP-10,not_updated,part_payment_not_handled
59425,2611,HEV-UP-15,not_updated,non_pending_in_dp_export
59426,2611,HEV-UP-15,not_updated,part_payment_not_handled
54836,2613,HEV-UP-17,not_updated,non_pending_in_dp_export
54837,2613,HEV-UP-17,not_updated,part_payment_not_handled
60092,2613,HEV-UP-17,not_updated,non_pending_in_dp_export
60093,2613,HEV-UP-17,not_updated,part_payment_not_handled
22935,2618,HEV-UP-22,would_update_or_updated,
22936,2618,HEV-UP-22,not_updated,combine_paid_on_missing_or_invalid
22945,2619,HEV-UP-23,would_update_or_updated,
22972,2621,HEV-UP-25,not_updated,combine_paid_on_missing_or_invalid
23030,2624,HEV-UP-30,would_update_or_updated,
23053,2627,HEV-UP-33,would_update_or_updated,
23107,2632,HEV-UP-38,would_update_or_updated,
23108,2632,HEV-UP-38,would_update_or_updated,
51218,2636,HEV-UP-42,not_updated,non_pending_in_dp_export
51219,2636,HEV-UP-42,not_updated,part_payment_not_handled
23161,2637,HEV-UP-43,would_update_or_updated,
23162,2637,HEV-UP-43,would_update_or_updated,
23280,2644,HEV-UP-52,not_updated,combine_close_type_blocked
23281,2644,HEV-UP-52,not_updated,combine_close_type_blocked
23282,2644,HEV-UP-52,not_updated,combine_close_type_blocked
23283,2644,HEV-UP-52,not_updated,combine_close_type_blocked
23383,2649,HEV-UP-59,would_update_or_updated,
23384,2649,HEV-UP-59,would_update_or_updated,
23385,2649,HEV-UP-59,not_updated,combine_paid_on_missing_or_invalid
68710,2653,HEV-UP-64,not_updated,combine_paid_on_missing_or_invalid
68711,2653,HEV-UP-64,not_updated,combine_paid_on_missing_or_invalid
23457,2655,HEV-UP-66,not_updated,combine_paid_on_missing_or_invalid
56522,2656,HEV-UP-67,not_updated,part_payment_not_handled
56523,2656,HEV-UP-67,not_updated,part_payment_not_handled
23469,2656,HEV-UP-67,not_updated,combine_paid_on_missing_or_invalid
23485,2657,HEV-UP-69,not_updated,amount_mismatch_exact_required
23492,2657,HEV-UP-69,not_updated,amount_mismatch_exact_required
23523,2659,HEV-UP-71,not_updated,combine_paid_on_missing_or_invalid
23550,2661,HEV-UP-73,would_update_or_updated,
23552,2661,HEV-UP-73,not_updated,amount_mismatch_exact_required
23553,2661,HEV-UP-73,not_updated,combine_paid_on_missing_or_invalid
23565,2662,HEV-UP-74,not_updated,combine_paid_on_missing_or_invalid
23594,2664,HEV-UP-77,not_updated,combine_close_type_blocked
23632,2666,HEV-UP-80,not_updated,combine_paid_on_missing_or_invalid
23633,2666,HEV-UP-80,not_updated,combine_paid_on_missing_or_invalid
23821,2669,HEV-UP-95,would_update_or_updated,
23913,2670,HEV-UP-103,would_update_or_updated,
24516,2677,HEV-UP-156,not_updated,combine_close_type_blocked
24706,2680,HEV-UP-171,not_updated,combine_close_type_blocked
24707,2680,HEV-UP-171,not_updated,combine_close_type_blocked
24708,2680,HEV-UP-171,not_updated,combine_close_type_blocked
64850,2681,HEV-UP-174,not_updated,part_payment_not_handled
64851,2681,HEV-UP-174,not_updated,part_payment_not_handled
24809,2682,HEV-UP-178,would_update_or_updated,
24810,2682,HEV-UP-178,would_update_or_updated,
57725,2684,HEV-UP-189,not_updated,part_payment_not_handled
57726,2684,HEV-UP-189,not_updated,part_payment_not_handled
24985,2685,HEV-UP-191,not_updated,combine_paid_on_missing_or_invalid
50302,2686,HEV-UP-214,not_updated,non_pending_in_dp_export
50303,2686,HEV-UP-214,not_updated,part_payment_not_handled
25254,2686,HEV-UP-214,would_update_or_updated,
25255,2686,HEV-UP-214,would_update_or_updated,
25256,2686,HEV-UP-214,not_updated,combine_paid_on_missing_or_invalid
25355,2688,HEV-UP-222,would_update_or_updated,
25788,2692,HEV-UP-265,would_update_or_updated,
25909,2693,HEV-UP-274,would_update_or_updated,
56534,2694,HEV-UP-275,not_updated,part_payment_not_handled
56535,2694,HEV-UP-275,not_updated,part_payment_not_handled
55826,2695,HEV-UP-280,not_updated,part_payment_not_handled
55827,2695,HEV-UP-280,not_updated,part_payment_not_handled
26355,2699,HEV-UP-310,not_updated,combine_paid_on_missing_or_invalid
26455,2700,HEV-UP-317,would_update_or_updated,
26456,2700,HEV-UP-317,would_update_or_updated,
26457,2700,HEV-UP-317,not_updated,combine_paid_on_missing_or_invalid
28828,2702,HEV-UP-507,would_update_or_updated,
66694,2702,HEV-UP-507,not_updated,non_pending_in_dp_export
66695,2702,HEV-UP-507,not_updated,part_payment_not_handled
57547,2705,HEV-UP-653,not_updated,part_payment_not_handled
57548,2705,HEV-UP-653,not_updated,part_payment_not_handled
2494,2706,HEV-UPW-5,not_updated,combine_close_type_blocked
2495,2706,HEV-UPW-5,not_updated,combine_close_type_blocked
2496,2706,HEV-UPW-5,not_updated,combine_close_type_blocked
51013,2709,HEV-000092,not_updated,non_pending_in_dp_export
51014,2709,HEV-000092,not_updated,part_payment_not_handled
64174,2714,HEV-000206,not_updated,non_pending_in_dp_export
64175,2714,HEV-000206,not_updated,part_payment_not_handled
12403,2716,HEV-000235,not_updated,amount_mismatch_exact_required
12404,2716,HEV-000235,would_update_or_updated,
23479,2730,HEV-UP-68,would_update_or_updated,
23481,2730,HEV-UP-68,not_updated,combine_paid_on_missing_or_invalid
51019,2732,HEV-UP-306,not_updated,non_pending_in_dp_export
51020,2732,HEV-UP-306,not_updated,combine_close_type_blocked
26314,2732,HEV-UP-306,not_updated,combine_close_type_blocked
26315,2732,HEV-UP-306,not_updated,combine_close_type_blocked
26316,2732,HEV-UP-306,not_updated,combine_close_type_blocked
20096,2748,HEV-000810,not_updated,combine_paid_on_missing_or_invalid
60571,2749,HEV-RJ-363,not_updated,non_pending_in_dp_export
60572,2749,HEV-RJ-363,not_updated,part_payment_not_handled
63269,2749,HEV-RJ-363,not_updated,non_pending_in_dp_export
63270,2749,HEV-RJ-363,not_updated,part_payment_not_handled
8990,2749,HEV-RJ-363,not_updated,combine_paid_on_missing_or_invalid
8950,2752,HEV-RJ-360,not_updated,combine_paid_on_missing_or_invalid
8951,2752,HEV-RJ-360,not_updated,combine_paid_on_missing_or_invalid
31478,2754,HEV-UP-730,not_updated,combine_paid_on_missing_or_invalid
31514,2766,HEV-UP-733,not_updated,combine_paid_on_missing_or_invalid
31543,2779,HEV-UP-735,would_update_or_updated,
31544,2779,HEV-UP-735,not_updated,combine_paid_on_missing_or_invalid
55834,2782,HEV-RJ-364,not_updated,non_pending_in_dp_export
55835,2782,HEV-RJ-364,not_updated,part_payment_not_handled
9002,2782,HEV-RJ-364,not_updated,combine_paid_on_missing_or_invalid
31645,2805,HEV-UP-742,would_update_or_updated,
56518,2828,HEV-UP-754,not_updated,part_payment_not_handled
56519,2828,HEV-UP-754,not_updated,part_payment_not_handled
31967,2832,HEV-UP-771,not_updated,combine_close_type_blocked
31968,2832,HEV-UP-771,not_updated,combine_close_type_blocked
31969,2832,HEV-UP-771,not_updated,combine_close_type_blocked
31827,2848,HEV-UP-759,would_update_or_updated,
31839,2850,HEV-UP-760,would_update_or_updated,
57984,2859,HEV-UP-764,not_updated,non_pending_in_dp_export
57985,2859,HEV-UP-764,not_updated,part_payment_not_handled
31901,2865,HEV-UP-766,would_update_or_updated,
31945,2875,HEV-UP-769,would_update_or_updated,
32104,2891,HEV-UP-783,would_update_or_updated,
50304,2892,HEV-UP-772,not_updated,part_payment_not_handled
50305,2892,HEV-UP-772,not_updated,part_payment_not_handled
59404,2892,HEV-UP-772,not_updated,non_pending_in_dp_export
59405,2892,HEV-UP-772,not_updated,part_payment_not_handled
31981,2892,HEV-UP-772,would_update_or_updated,
57933,2931,HEV-UP-786,not_updated,non_pending_in_dp_export
57934,2931,HEV-UP-786,not_updated,part_payment_not_handled
50312,2938,HEV-UP-782,not_updated,part_payment_not_handled
50313,2938,HEV-UP-782,not_updated,part_payment_not_handled
32087,2938,HEV-UP-782,not_updated,amount_mismatch_exact_required
57571,2952,HEV-UP-785,not_updated,part_payment_not_handled
57572,2952,HEV-UP-785,not_updated,part_payment_not_handled
32203,2975,HEV-UP-791,would_update_or_updated,
57048,2975,HEV-UP-791,not_updated,part_payment_not_handled
57049,2975,HEV-UP-791,not_updated,part_payment_not_handled
32205,2975,HEV-UP-791,would_update_or_updated,
32329,2979,HEV-UP-802,would_update_or_updated,
21413,2980,HEV-000909,would_update_or_updated,
32271,2996,HEV-UP-796,would_update_or_updated,
32288,2997,HEV-UP-797,would_update_or_updated,
32251,2999,HEV-UP-795,would_update_or_updated,
57565,2999,HEV-UP-795,not_updated,part_payment_not_handled
57566,2999,HEV-UP-795,not_updated,part_payment_not_handled
63242,2999,HEV-UP-795,not_updated,part_payment_not_handled
63243,2999,HEV-UP-795,not_updated,part_payment_not_handled
4217,3008,HEV-UPW-125,not_updated,combine_paid_on_missing_or_invalid
32701,3022,HEV-UP-832,would_update_or_updated,
32702,3022,HEV-UP-832,would_update_or_updated,
32355,3033,HEV-UP-804,would_update_or_updated,
32379,3034,HEV-UP-806,would_update_or_updated,
32445,3041,HEV-UP-811,would_update_or_updated,
58419,3045,HEV-UP-810,not_updated,non_pending_in_dp_export
58420,3045,HEV-UP-810,not_updated,part_payment_not_handled
32427,3045,HEV-UP-810,would_update_or_updated,
57242,3048,HEV-RJ-349,not_updated,non_pending_in_dp_export
57243,3048,HEV-RJ-349,not_updated,part_payment_not_handled
32473,3064,HEV-UP-813,would_update_or_updated,
32545,3073,HEV-UP-819,would_update_or_updated,
32546,3073,HEV-UP-819,would_update_or_updated,
65919,3076,HEV-UP-820,not_updated,non_pending_in_dp_export
65920,3076,HEV-UP-820,not_updated,part_payment_not_handled
32534,3080,HEV-UP-817,not_updated,amount_mismatch_exact_required
57529,3088,HEV-000854,not_updated,non_pending_in_dp_export
57530,3088,HEV-000854,not_updated,part_payment_not_handled
20656,3088,HEV-000854,not_updated,combine_paid_on_missing_or_invalid
66319,3099,HEV-UP-825,not_updated,part_payment_not_handled
66320,3099,HEV-UP-825,not_updated,part_payment_not_handled
32607,3104,HEV-UP-824,would_update_or_updated,
57557,3106,HEV-UPW-83,not_updated,non_pending_in_dp_export
57558,3106,HEV-UPW-83,not_updated,part_payment_not_handled
65829,3111,HEV-UP-829,not_updated,part_payment_not_handled
65830,3111,HEV-UP-829,not_updated,part_payment_not_handled
32689,3116,HEV-UP-830,would_update_or_updated,
57541,3116,HEV-UP-830,not_updated,part_payment_not_handled
57542,3116,HEV-UP-830,not_updated,part_payment_not_handled
32769,3119,HEV-UP-837,would_update_or_updated,
57745,3140,HEV-UP-845,not_updated,non_pending_in_dp_export
57746,3140,HEV-UP-845,not_updated,part_payment_not_handled
57577,3144,HEV-UPW-84,not_updated,non_pending_in_dp_export
57578,3144,HEV-UPW-84,not_updated,part_payment_not_handled
57741,3146,HEV-UP-842,not_updated,non_pending_in_dp_export
57742,3146,HEV-UP-842,not_updated,part_payment_not_handled
59857,3149,HEV-UPW-88,not_updated,non_pending_in_dp_export
59858,3149,HEV-UPW-88,not_updated,part_payment_not_handled
32937,3180,HEV-UP-852,not_updated,combine_close_type_blocked
32938,3180,HEV-UP-852,not_updated,combine_close_type_blocked
32939,3180,HEV-UP-852,not_updated,combine_close_type_blocked
21532,3202,HEV-000919,would_update_or_updated,
21619,3208,HEV-000925,would_update_or_updated,
21589,3210,HEV-000923,not_updated,amount_mismatch_exact_required
33029,3219,HEV-UP-861,not_updated,combine_paid_on_missing_or_invalid
55162,3228,HEV-UP-862,not_updated,non_pending_in_dp_export
55163,3228,HEV-UP-862,not_updated,part_payment_not_handled
33047,3228,HEV-UP-862,not_updated,combine_paid_on_missing_or_invalid
33057,3231,HEV-UP-863,not_updated,amount_mismatch_exact_required
33058,3231,HEV-UP-863,not_updated,amount_mismatch_exact_required
33059,3231,HEV-UP-863,not_updated,combine_paid_on_missing_or_invalid
33071,3248,HEV-UP-864,would_update_or_updated,
21721,3257,HEV-000932,not_updated,combine_paid_on_missing_or_invalid
33131,3263,HEV-UP-869,would_update_or_updated,
55035,3292,HEV-UP-883,not_updated,non_pending_in_dp_export
55036,3292,HEV-UP-883,not_updated,part_payment_not_handled
33269,3292,HEV-UP-883,not_updated,combine_paid_on_missing_or_invalid
33314,3294,HEV-UP-887,not_updated,combine_paid_on_missing_or_invalid
33257,3299,HEV-UP-882,not_updated,combine_paid_on_missing_or_invalid
53609,3304,HEV-000956,not_updated,combine_paid_on_missing_or_invalid
60308,3306,HEV-UPW-106,not_updated,non_pending_in_dp_export
60309,3306,HEV-UPW-106,not_updated,part_payment_not_handled
3931,3308,HEV-UPW-105,not_updated,amount_mismatch_exact_required
3932,3308,HEV-UPW-105,not_updated,combine_paid_on_missing_or_invalid
33299,3312,HEV-UP-886,not_updated,combine_paid_on_missing_or_invalid
33390,3317,HEV-UP-893,would_update_or_updated,
21877,3318,HEV-000945,not_updated,combine_paid_on_missing_or_invalid
33344,3345,HEV-UP-889,not_updated,combine_paid_on_missing_or_invalid
21979,3354,HEV-000955,not_updated,combine_paid_on_missing_or_invalid
4037,3356,HEV-UPW-112,would_update_or_updated,
33438,3358,HEV-UP-896,would_update_or_updated,
21937,3360,HEV-000950,not_updated,combine_paid_on_missing_or_invalid
33496,3363,HEV-UP-900,would_update_or_updated,
4169,3364,HEV-UPW-122,not_updated,combine_paid_on_missing_or_invalid
33509,3365,HEV-UP-901,not_updated,combine_paid_on_missing_or_invalid
56528,3368,HEV-UP-905,not_updated,part_payment_not_handled
56529,3368,HEV-UP-905,not_updated,part_payment_not_handled
33545,3368,HEV-UP-905,not_updated,combine_paid_on_missing_or_invalid
21967,3369,HEV-000954,would_update_or_updated,
4079,3372,HEV-UPW-115,not_updated,combine_paid_on_missing_or_invalid
4109,3374,HEV-UPW-118,not_updated,combine_paid_on_missing_or_invalid
33531,3376,HEV-UP-904,would_update_or_updated,
22039,3383,HEV-000959,would_update_or_updated,
67358,3387,HEV-UP-906,not_updated,non_pending_in_dp_export
67359,3387,HEV-UP-906,not_updated,combine_paid_on_missing_or_invalid
33620,3403,HEV-UP-910,not_updated,combine_paid_on_missing_or_invalid
60605,3404,HEV-000965,not_updated,non_pending_in_dp_export
60606,3404,HEV-000965,not_updated,part_payment_not_handled
22123,3404,HEV-000965,not_updated,combine_paid_on_missing_or_invalid
59582,3407,HEV-UP-909,not_updated,non_pending_in_dp_export
59583,3407,HEV-UP-909,not_updated,part_payment_not_handled
22141,3416,HEV-000966,not_updated,combine_paid_on_missing_or_invalid
33650,3418,HEV-UP-916,not_updated,combine_paid_on_missing_or_invalid
4199,3438,HEV-UPW-124,not_updated,combine_paid_on_missing_or_invalid
33674,3445,HEV-UP-918,not_updated,combine_paid_on_missing_or_invalid
55824,3450,HEV-000975,not_updated,non_pending_in_dp_export
55825,3450,HEV-000975,not_updated,part_payment_not_handled
22241,3450,HEV-000975,not_updated,combine_paid_on_missing_or_invalid
65926,3451,,not_updated,loan_not_in_LOS
65927,3451,,not_updated,loan_not_in_LOS
33686,3452,HEV-UP-919,not_updated,combine_paid_on_missing_or_invalid
22283,3455,HEV-000978,not_updated,combine_paid_on_missing_or_invalid
56524,3456,HEV-UP-922,not_updated,non_pending_in_dp_export
56525,3456,HEV-UP-922,not_updated,part_payment_not_handled
33713,3456,HEV-UP-922,not_updated,combine_paid_on_missing_or_invalid
33737,3458,HEV-UP-924,not_updated,combine_paid_on_missing_or_invalid
34348,3461,HEV-Litfin-2,not_updated,combine_paid_on_missing_or_invalid
34335,3463,HEV-Litfin-1,would_update_or_updated,
34336,3463,HEV-Litfin-1,not_updated,combine_paid_on_missing_or_invalid
33724,3469,HEV-UP-923,would_update_or_updated,
33725,3469,HEV-UP-923,not_updated,combine_paid_on_missing_or_invalid
34401,3491,HEV-Litfin-6,not_updated,combine_paid_on_missing_or_invalid
34419,3496,HEV-Litfin-7,would_update_or_updated,
34358,3499,HEV-Litfin-3,not_updated,amount_mismatch_exact_required
34359,3499,HEV-Litfin-3,would_update_or_updated,
34360,3499,HEV-Litfin-3,not_updated,combine_paid_on_missing_or_invalid
34371,3502,HEV-Litfin-4,would_update_or_updated,
34372,3502,HEV-Litfin-4,not_updated,combine_paid_on_missing_or_invalid
34443,3506,HEV-Litfin-9,would_update_or_updated,
34467,3508,HEV-Litfin-11,would_update_or_updated,
50870,3514,HEV-001003,not_updated,amount_mismatch_exact_required
50871,3514,HEV-001003,not_updated,amount_mismatch_exact_required
34389,3522,HEV-Litfin-5,would_update_or_updated,
34431,3523,HEV-Litfin-8,would_update_or_updated,
33859,3530,HEV-UP-937,not_updated,combine_paid_on_missing_or_invalid
34479,3532,HEV-Litfin-12,would_update_or_updated,
34503,3548,HEV-Litfin-14,not_updated,combine_paid_on_missing_or_invalid
56841,3550,HEV-000992,not_updated,non_pending_in_dp_export
56842,3550,HEV-000992,not_updated,part_payment_not_handled
66114,3556,HEV-000993,not_updated,non_pending_in_dp_export
66115,3556,HEV-000993,not_updated,part_payment_not_handled
34581,3558,HEV-Litfin-19,would_update_or_updated,
34521,3561,HEV-Litfin-15,not_updated,combine_paid_on_missing_or_invalid
34545,3568,HEV-Litfin-17,would_update_or_updated,
50886,3584,HEV-Litfin-21,not_updated,amount_mismatch_exact_required
33976,3586,HEV-Litfin-24,would_update_or_updated,
34018,3589,HEV-Litfin-23,would_update_or_updated,
22509,3596,HEV-Litfin-20,would_update_or_updated,
22510,3596,HEV-Litfin-20,not_updated,combine_paid_on_missing_or_invalid
34042,3607,HEV-UP-953,not_updated,amount_mismatch_exact_required
4486,3612,HEV-Litfin-22,would_update_or_updated,
50856,3613,HEV-001004,not_updated,amount_mismatch_exact_required
50819,3622,HEV-Litfin-26,would_update_or_updated,
50557,3626,HEV-UP-962,not_updated,combine_total_amount_not_usable
50558,3626,HEV-UP-962,not_updated,combine_total_amount_not_usable
58966,3633,HEV-UP-956,not_updated,non_pending_in_dp_export
58967,3633,HEV-UP-956,not_updated,part_payment_not_handled
50411,3633,HEV-UP-956,would_update_or_updated,
50603,3636,HEV-Litfin-28,would_update_or_updated,
57553,3640,HEV-UP-957,not_updated,part_payment_not_handled
57554,3640,HEV-UP-957,not_updated,part_payment_not_handled
50426,3640,HEV-UP-957,would_update_or_updated,
50675,3644,HEV-Litfin-29,would_update_or_updated,
50663,3659,HEV-Litfin-30,would_update_or_updated,
57240,3662,HEV-001014,not_updated,non_pending_in_dp_export
57241,3662,HEV-001014,not_updated,part_payment_not_handled
50437,3672,HEV-UP-963,not_updated,combine_total_amount_not_usable
50438,3672,HEV-UP-963,not_updated,combine_total_amount_not_usable
50498,3673,HEV-UP-968,would_update_or_updated,
50456,3679,HEV-UP-966,would_update_or_updated,
50904,3682,HEV-001016,would_update_or_updated,
58417,3693,HEV-UP-975,not_updated,non_pending_in_dp_export
58418,3693,HEV-UP-975,not_updated,part_payment_not_handled
50387,3695,HEV-UP-973,would_update_or_updated,
50982,3696,HEV-Litfin-31,would_update_or_updated,
57555,3697,HEV-UPW-154,not_updated,non_pending_in_dp_export
57556,3697,HEV-UPW-154,not_updated,part_payment_not_handled
58793,3700,HEV-UP-977,not_updated,part_payment_not_handled
58794,3700,HEV-UP-977,not_updated,part_payment_not_handled
50468,3700,HEV-UP-977,not_updated,combine_paid_on_missing_or_invalid
50782,3706,HEV-UPW-157,not_updated,combine_close_type_blocked
50783,3706,HEV-UPW-157,not_updated,combine_close_type_blocked
51331,3721,HEV-Litfin-35,would_update_or_updated,
51332,3721,HEV-Litfin-35,would_update_or_updated,
51027,3726,HEV-Litfin-33,not_updated,combine_paid_on_missing_or_invalid
51028,3726,HEV-Litfin-33,not_updated,combine_paid_on_missing_or_invalid
51134,3736,HEV-UP-983,would_update_or_updated,
51266,3738,HEV-Litfin-34,would_update_or_updated,
51807,3743,HEV-Litfin-38,would_update_or_updated,
51489,3745,HEV-Litfin-36,would_update_or_updated,
51434,3753,HEV-Litfin-37,would_update_or_updated,
51435,3753,HEV-Litfin-37,would_update_or_updated,
57782,3755,HEV-001130,not_updated,combine_paid_on_missing_or_invalid
51741,3762,HEV-UP-996,would_update_or_updated,
64848,3763,HEV-UP-994,not_updated,non_pending_in_dp_export
64849,3763,HEV-UP-994,not_updated,part_payment_not_handled
52937,3773,HEV-UP-1030,not_updated,combine_paid_on_missing_or_invalid
53521,3780,HEV-UP-1002,would_update_or_updated,
59760,3782,HEV-UP-1000,not_updated,part_payment_not_handled
59761,3782,HEV-UP-1000,not_updated,part_payment_not_handled
57771,3785,HEV-UPW-180,not_updated,non_pending_in_dp_export
57772,3785,HEV-UPW-180,not_updated,part_payment_not_handled
53552,3788,HEV-001035,not_updated,combine_close_type_blocked
53553,3788,HEV-001035,not_updated,combine_close_type_blocked
51831,3790,HEV-001033,would_update_or_updated,
58447,3791,HEV-UP-1003,not_updated,non_pending_in_dp_export
58448,3791,HEV-UP-1003,not_updated,part_payment_not_handled
52794,3801,HEV-UP-1006,would_update_or_updated,
54309,3804,HEV-UP-1005,would_update_or_updated,
52731,3815,HEV-UP-1014,would_update_or_updated,
52707,3819,HEV-UP-1010,would_update_or_updated,
52016,3829,HEV-001039,not_updated,combine_paid_on_missing_or_invalid
51914,3834,HEV-001041,would_update_or_updated,
54479,3841,HEV-Litfin-40,would_update_or_updated,
52586,3844,HEV-UP-1021,would_update_or_updated,
53174,3851,HEV-Litfin-39,would_update_or_updated,
67190,3855,HEV-UPW-199,not_updated,combine_paid_on_missing_or_invalid
67191,3855,HEV-UPW-199,not_updated,combine_paid_on_missing_or_invalid
67188,3858,HEV-UP-1017,not_updated,part_payment_not_handled
67189,3858,HEV-UP-1017,not_updated,part_payment_not_handled
53077,3875,HEV-Litfin-41,would_update_or_updated,
60150,3877,HEV-UP-1024,not_updated,non_pending_in_dp_export
60151,3877,HEV-UP-1024,not_updated,part_payment_not_handled
52617,3877,HEV-UP-1024,not_updated,combine_paid_on_missing_or_invalid
54284,3879,HEV-Litfin-42,would_update_or_updated,
52626,3883,HEV-UP-1027,would_update_or_updated,
55534,3888,HEV-UP-1077,would_update_or_updated,
53026,3896,HEV-Litfin-46,would_update_or_updated,
52864,3897,HEV-Litfin-44,not_updated,combine_paid_on_missing_or_invalid
52865,3897,HEV-Litfin-44,would_update_or_updated,
52853,3901,HEV-Litfin-43,would_update_or_updated,
53014,3911,HEV-Litfin-45,would_update_or_updated,
53413,3919,HEV-Litfin-47,would_update_or_updated,
67098,3924,HEV-UP-1036,not_updated,part_payment_not_handled
67099,3924,HEV-UP-1036,not_updated,part_payment_not_handled
54455,3927,HEV-Litfin-48,would_update_or_updated,
53352,3932,HEV-Litfin-50,not_updated,combine_paid_on_missing_or_invalid
53353,3932,HEV-Litfin-50,not_updated,combine_paid_on_missing_or_invalid
54581,3938,HEV-UPW-204,not_updated,combine_paid_on_missing_or_invalid
53383,3945,HEV-Litfin-49,would_update_or_updated,
54101,3956,HEV-001068,not_updated,combine_paid_on_missing_or_invalid
54240,3960,HEV-001066,would_update_or_updated,
53732,3964,HEV-UPW-210,not_updated,combine_paid_on_missing_or_invalid
54801,3968,HEV-UPW-217,not_updated,combine_paid_on_missing_or_invalid
54613,3971,HEV-001067,not_updated,combine_paid_on_missing_or_invalid
61579,3976,HEV-Litfin-51,not_updated,part_payment_not_handled
61580,3976,HEV-Litfin-51,not_updated,part_payment_not_handled
54077,3976,HEV-Litfin-51,would_update_or_updated,
53750,3982,HEV-UPW-213,not_updated,combine_paid_on_missing_or_invalid
66848,3983,HEV-001072,not_updated,non_pending_in_dp_export
66849,3983,HEV-001072,not_updated,part_payment_not_handled
54113,3983,HEV-001072,not_updated,combine_paid_on_missing_or_invalid
54023,3991,HEV-Litfin-52,not_updated,combine_paid_on_missing_or_invalid
53963,3992,HEV-UP-1052,not_updated,combine_paid_on_missing_or_invalid
54053,3997,HEV-Litfin-53,would_update_or_updated,
54035,4000,HEV-UP-1054,not_updated,combine_paid_on_missing_or_invalid
68133,4002,HEV-001073,would_update_or_updated,
68134,4002,HEV-001073,not_updated,combine_paid_on_missing_or_invalid
54818,4008,HEV-UPW-223,not_updated,combine_close_type_blocked
54819,4008,HEV-UPW-223,not_updated,combine_close_type_blocked
60536,4009,HEV-UP-1055,not_updated,amount_mismatch_exact_required
60537,4009,HEV-UP-1055,not_updated,combine_paid_on_missing_or_invalid
54630,4013,HEV-Litfin-55,would_update_or_updated,
64536,4016,HEV-Litfin-57,would_update_or_updated,
64537,4016,HEV-Litfin-57,would_update_or_updated,
54428,4017,HEV-UP-1056,would_update_or_updated,
54439,4019,HEV-UP-1059,would_update_or_updated,
54440,4019,HEV-UP-1059,not_updated,combine_paid_on_missing_or_invalid
54600,4023,HEV-001076,not_updated,combine_paid_on_missing_or_invalid
54601,4023,HEV-001076,not_updated,combine_paid_on_missing_or_invalid
54905,4032,HEV-UP-1065,not_updated,combine_paid_on_missing_or_invalid
64421,4036,HEV-Litfin-56,would_update_or_updated,
64422,4036,HEV-Litfin-56,not_updated,combine_paid_on_missing_or_invalid
54711,4039,HEV-UP-1062,not_updated,combine_paid_on_missing_or_invalid
55353,4041,HEV-UP-1068,not_updated,combine_paid_on_missing_or_invalid
55364,4049,HEV-Litfin-59,would_update_or_updated,
55365,4049,HEV-Litfin-59,not_updated,combine_paid_on_missing_or_invalid
55024,4055,HEV-001082,not_updated,combine_paid_on_missing_or_invalid
54875,4061,HEV-UPW-228,not_updated,combine_paid_on_missing_or_invalid
54862,4063,HEV-Litfin-58,would_update_or_updated,
54863,4063,HEV-Litfin-58,not_updated,combine_paid_on_missing_or_invalid
55106,4066,HEV-UPW-230,not_updated,combine_paid_on_missing_or_invalid
55118,4071,HEV-UP-1070,not_updated,combine_paid_on_missing_or_invalid
55000,4073,HEV-UPW-233,not_updated,combine_paid_on_missing_or_invalid
61376,4075,HEV-001084,not_updated,combine_paid_on_missing_or_invalid
55058,4079,HEV-UPW-235,would_update_or_updated,
62194,4083,HEV-UPW-239,would_update_or_updated,
55094,4085,HEV-UP-1069,not_updated,combine_paid_on_missing_or_invalid
55186,4088,HEV-001085,not_updated,amount_mismatch_exact_required
55845,4090,HEV-UPW-256,not_updated,amount_mismatch_exact_required
55266,4103,HEV-UP-1071,would_update_or_updated,
55421,4109,HEV-Litfin-60,not_updated,combine_paid_on_missing_or_invalid
55679,4154,HEV-001092,would_update_or_updated,
55757,4156,HEV-UPW-251,not_updated,amount_mismatch_exact_required
55976,4169,HEV-UP-1093,would_update_or_updated,
55871,4176,HEV-Litfin-61,would_update_or_updated,
55964,4182,HEV-UP-1092,would_update_or_updated,
56225,4207,HEV-UP-1099,would_update_or_updated,
57260,4226,HEV-Litfin-66,would_update_or_updated,
57203,4232,HEV-UPW-270,not_updated,amount_mismatch_exact_required
56473,4240,HEV-UP-1104,not_updated,combine_paid_on_missing_or_invalid
56461,4244,HEV-UP-1105,would_update_or_updated,
56660,4265,HEV-UP-1109,would_update_or_updated,
58155,4269,HEV-UP-1110,would_update_or_updated,
56605,4270,HEV-UP-1108,not_updated,amount_mismatch_exact_required
56739,4271,HEV-Litfin-62,not_updated,amount_mismatch_exact_required
57062,4277,HEV-Litfin-65,would_update_or_updated,
66050,4281,HEV-UP-1119,not_updated,part_payment_not_handled
66051,4281,HEV-UP-1119,not_updated,part_payment_not_handled
56904,4287,HEV-Litfin-63,would_update_or_updated,
57359,4298,HEV-Litfin-64,not_updated,combine_paid_on_missing_or_invalid
65827,4309,HEV-UPW-282,not_updated,non_pending_in_dp_export
65828,4309,HEV-UPW-282,not_updated,part_payment_not_handled
58508,4323,HEV-001141,not_updated,combine_paid_on_missing_or_invalid
57491,4340,HEV-Litfin-67,not_updated,combine_paid_on_missing_or_invalid
57395,4342,HEV-UPW-287,not_updated,amount_mismatch_exact_required
59809,4366,HEV-UPW-290,not_updated,amount_mismatch_exact_required
58676,4368,HEV-UP-1148,not_updated,combine_paid_on_missing_or_invalid
57897,4386,HEV-UP-1128,not_updated,amount_mismatch_exact_required
58092,4393,HEV-001132,not_updated,combine_paid_on_missing_or_invalid
58140,4395,HEV-UP-1133,would_update_or_updated,
58331,4417,HEV-UP-1137,not_updated,amount_mismatch_exact_required
58293,4422,HEV-UP-1145,would_update_or_updated,
59281,4423,HEV-UPW-307,would_update_or_updated,
58491,4426,HEV-Litfin-68,would_update_or_updated,
58251,4428,HEV-Litfin-69,not_updated,amount_mismatch_exact_required
58901,4429,HEV-001150,would_update_or_updated,
58533,4434,HEV-UPW-305,not_updated,combine_paid_on_missing_or_invalid
58835,4446,HEV-001145,not_updated,amount_mismatch_exact_required
58694,4451,HEV-UP-1149,not_updated,combine_paid_on_missing_or_invalid
58883,4456,HEV-001149,not_updated,amount_mismatch_exact_required
58919,4463,HEV-001151,not_updated,combine_paid_on_missing_or_invalid
58739,4466,HEV-UP-1154,not_updated,combine_paid_on_missing_or_invalid
59134,4471,HEV-UP-1157,not_updated,combine_paid_on_missing_or_invalid
59564,4473,HEV-001160,would_update_or_updated,
58721,4476,HEV-UP-1155,would_update_or_updated,
59147,4480,HEV-UPW-315,would_update_or_updated,
59260,4484,HEV-UPW-323,not_updated,combine_paid_on_missing_or_invalid
59779,4498,HEV-001164,not_updated,combine_paid_on_missing_or_invalid
59407,4500,HEV-UP-1161,not_updated,combine_paid_on_missing_or_invalid
60032,4503,HEV-UPW-336,not_updated,combine_paid_on_missing_or_invalid
59523,4506,HEV-UP-1165,not_updated,combine_paid_on_missing_or_invalid
59368,4512,HEV-UPW-325,not_updated,combine_paid_on_missing_or_invalid
59464,4517,HEV-001159,not_updated,combine_paid_on_missing_or_invalid
59597,4518,HEV-001162,not_updated,combine_paid_on_missing_or_invalid
59859,4521,HEV-001166,not_updated,combine_paid_on_missing_or_invalid
59706,4523,HEV-UPW-330,not_updated,combine_paid_on_missing_or_invalid
59690,4528,HEV-UP-1166,not_updated,combine_paid_on_missing_or_invalid
59585,4533,HEV-001161,would_update_or_updated,
60062,4539,HEV-UP-1171,not_updated,combine_paid_on_missing_or_invalid
59972,4543,HEV-UPW-339,not_updated,combine_paid_on_missing_or_invalid
59877,4546,HEV-UPW-335,not_updated,combine_paid_on_missing_or_invalid
59984,4547,HEV-UPW-338,not_updated,combine_paid_on_missing_or_invalid
60020,4548,HEV-UPW-337,not_updated,combine_paid_on_missing_or_invalid
60414,4559,HEV-001173,not_updated,combine_paid_on_missing_or_invalid
60396,4567,HEV-001174,not_updated,combine_paid_on_missing_or_invalid
63201,4787,HEV-UP-1235,not_updated,combine_paid_on_missing_or_invalid
65391,5009,HEV-UPW-472,not_updated,combine_paid_on_missing_or_invalid
67217,5194,HEV-UPW-533,not_updated,combine_paid_on_missing_or_invalid
